{"cameraMode":{"drawMode":0,"name":"Shaded","section":"Shading Mode"},"sceneLighting":true,"audioPlay":false,"sceneViewState":{"m_AlwaysRefresh":false,"showFog":true,"showSkybox":true,"showFlares":true,"showImageEffects":true,"showParticleSystems":true,"showVisualEffectGraphs":true,"m_FxEnabled":true},"in2DMode":false,"pivot":{"x":10.249530792236329,"y":-225.90415954589845,"z":104.71981811523438},"rotation":{"x":-0.5040647983551025,"y":-0.005962368566542864,"z":0.003478212747722864,"w":-0.8636441826820374},"size":154.74546813964845,"orthographic":false}